Warehouse_ID,SKU_ID,Holding_Cost,Ordering_Cost,Safety_Stock,Warehouse_Capacity,Source
WH_1,SKU_1,1.88,67.42,94,6673,SYNTHETIC / ASSUMED PARAMETERS
WH_1,SKU_10,1.29,70.59,100,6990,SYNTHETIC / ASSUMED PARAMETERS
WH_1,SKU_11,2.75,93.77,81,6423,SYNTHETIC / ASSUMED PARAMETERS
WH_1,SKU_12,0.74,24.31,60,7801,SYNTHETIC / ASSUMED PARAMETERS
WH_1,SKU_13,1.26,57.54,50,8981,SYNTHETIC / ASSUMED PARAMETERS
WH_1,SKU_14,1.31,43.21,69,6246,SYNTHETIC / ASSUMED PARAMETERS
WH_1,SKU_15,2.21,100.17,53,6976,SYNTHETIC / ASSUMED PARAMETERS
WH_1,SKU_16,1.64,39.73,88,10604,SYNTHETIC / ASSUMED PARAMETERS
WH_1,SKU_17,1.04,53.46,53,5188,SYNTHETIC / ASSUMED PARAMETERS
WH_1,SKU_18,0.92,38.21,43,7798,SYNTHETIC / ASSUMED PARAMETERS
WH_1,SKU_19,1.18,43.0,33,9186,SYNTHETIC / ASSUMED PARAMETERS
WH_1,SKU_2,2.92,120.54,61,5736,SYNTHETIC / ASSUMED PARAMETERS
WH_1,SKU_20,1.19,44.04,33,5191,SYNTHETIC / ASSUMED PARAMETERS
WH_1,SKU_21,2.7,52.3,38,5664,SYNTHETIC / ASSUMED PARAMETERS
WH_1,SKU_22,0.94,51.81,47,10427,SYNTHETIC / ASSUMED PARAMETERS
WH_1,SKU_23,0.76,35.69,32,4845,SYNTHETIC / ASSUMED PARAMETERS
WH_1,SKU_24,0.75,31.15,47,6037,SYNTHETIC / ASSUMED PARAMETERS
WH_1,SKU_25,0.9,46.65,78,5160,SYNTHETIC / ASSUMED PARAMETERS
WH_1,SKU_26,2.52,50.97,34,5684,SYNTHETIC / ASSUMED PARAMETERS
WH_1,SKU_27,0.77,21.54,103,8847,SYNTHETIC / ASSUMED PARAMETERS
WH_1,SKU_28,1.26,28.77,56,6215,SYNTHETIC / ASSUMED PARAMETERS
WH_1,SKU_29,0.7,30.84,38,8240,SYNTHETIC / ASSUMED PARAMETERS
WH_1,SKU_3,1.24,31.76,31,8348,SYNTHETIC / ASSUMED PARAMETERS
WH_1,SKU_30,1.11,41.33,74,10094,SYNTHETIC / ASSUMED PARAMETERS
WH_1,SKU_31,1.66,59.45,32,4916,SYNTHETIC / ASSUMED PARAMETERS
WH_1,SKU_32,1.18,56.32,50,10062,SYNTHETIC / ASSUMED PARAMETERS
WH_1,SKU_33,0.7,25.98,94,8699,SYNTHETIC / ASSUMED PARAMETERS
WH_1,SKU_34,0.59,50.55,89,5914,SYNTHETIC / ASSUMED PARAMETERS
WH_1,SKU_35,1.08,80.49,54,9434,SYNTHETIC / ASSUMED PARAMETERS
WH_1,SKU_36,1.94,77.73,44,10033,SYNTHETIC / ASSUMED PARAMETERS
WH_1,SKU_37,2.47,53.43,81,6537,SYNTHETIC / ASSUMED PARAMETERS
WH_1,SKU_38,2.72,61.46,50,10304,SYNTHETIC / ASSUMED PARAMETERS
WH_1,SKU_39,0.59,25.08,69,7838,SYNTHETIC / ASSUMED PARAMETERS
WH_1,SKU_4,1.21,40.86,68,8594,SYNTHETIC / ASSUMED PARAMETERS
WH_1,SKU_40,1.87,84.46,27,10776,SYNTHETIC / ASSUMED PARAMETERS
WH_1,SKU_41,0.54,29.24,52,7239,SYNTHETIC / ASSUMED PARAMETERS
WH_1,SKU_42,1.06,48.52,42,9635,SYNTHETIC / ASSUMED PARAMETERS
WH_1,SKU_43,0.81,29.93,44,6902,SYNTHETIC / ASSUMED PARAMETERS
WH_1,SKU_44,0.55,32.93,34,9665,SYNTHETIC / ASSUMED PARAMETERS
WH_1,SKU_45,0.95,28.38,68,8429,SYNTHETIC / ASSUMED PARAMETERS
WH_1,SKU_46,1.63,99.78,113,6392,SYNTHETIC / ASSUMED PARAMETERS
WH_1,SKU_47,1.23,29.07,49,7308,SYNTHETIC / ASSUMED PARAMETERS
WH_1,SKU_48,2.11,94.18,87,6891,SYNTHETIC / ASSUMED PARAMETERS
WH_1,SKU_49,0.57,23.47,66,5227,SYNTHETIC / ASSUMED PARAMETERS
WH_1,SKU_5,1.26,47.03,43,5202,SYNTHETIC / ASSUMED PARAMETERS
WH_1,SKU_50,0.79,33.77,46,6916,SYNTHETIC / ASSUMED PARAMETERS
WH_1,SKU_6,0.56,41.1,62,5165,SYNTHETIC / ASSUMED PARAMETERS
WH_1,SKU_7,1.01,65.13,45,6120,SYNTHETIC / ASSUMED PARAMETERS
WH_1,SKU_8,2.09,78.49,77,9322,SYNTHETIC / ASSUMED PARAMETERS
WH_1,SKU_9,0.73,47.71,47,9095,SYNTHETIC / ASSUMED PARAMETERS
WH_2,SKU_1,0.9,70.92,62,9416,SYNTHETIC / ASSUMED PARAMETERS
WH_2,SKU_10,0.8,49.56,40,6844,SYNTHETIC / ASSUMED PARAMETERS
WH_2,SKU_11,2.41,85.34,31,10194,SYNTHETIC / ASSUMED PARAMETERS
WH_2,SKU_12,2.32,68.2,104,8597,SYNTHETIC / ASSUMED PARAMETERS
WH_2,SKU_13,2.15,79.74,38,5796,SYNTHETIC / ASSUMED PARAMETERS
WH_2,SKU_14,2.51,66.61,39,5701,SYNTHETIC / ASSUMED PARAMETERS
WH_2,SKU_15,1.19,43.87,61,9277,SYNTHETIC / ASSUMED PARAMETERS
WH_2,SKU_16,2.13,82.7,65,6031,SYNTHETIC / ASSUMED PARAMETERS
WH_2,SKU_17,1.17,53.18,81,8112,SYNTHETIC / ASSUMED PARAMETERS
WH_2,SKU_18,1.18,54.17,54,10850,SYNTHETIC / ASSUMED PARAMETERS
WH_2,SKU_19,1.58,55.58,37,4994,SYNTHETIC / ASSUMED PARAMETERS
WH_2,SKU_2,1.73,61.48,56,5161,SYNTHETIC / ASSUMED PARAMETERS
WH_2,SKU_20,1.41,50.99,90,10971,SYNTHETIC / ASSUMED PARAMETERS
WH_2,SKU_21,1.13,36.82,79,8567,SYNTHETIC / ASSUMED PARAMETERS
WH_2,SKU_22,1.21,42.78,60,5653,SYNTHETIC / ASSUMED PARAMETERS
WH_2,SKU_23,0.8,35.45,73,10338,SYNTHETIC / ASSUMED PARAMETERS
WH_2,SKU_24,2.19,76.95,92,10380,SYNTHETIC / ASSUMED PARAMETERS
WH_2,SKU_25,0.51,29.96,39,8258,SYNTHETIC / ASSUMED PARAMETERS
WH_2,SKU_26,0.55,33.37,47,8606,SYNTHETIC / ASSUMED PARAMETERS
WH_2,SKU_27,1.63,83.19,46,6479,SYNTHETIC / ASSUMED PARAMETERS
WH_2,SKU_28,1.1,74.42,66,5460,SYNTHETIC / ASSUMED PARAMETERS
WH_2,SKU_29,1.5,58.99,93,8597,SYNTHETIC / ASSUMED PARAMETERS
WH_2,SKU_3,1.9,60.62,53,6664,SYNTHETIC / ASSUMED PARAMETERS
WH_2,SKU_30,0.84,48.23,59,8820,SYNTHETIC / ASSUMED PARAMETERS
WH_2,SKU_31,1.16,110.17,82,9989,SYNTHETIC / ASSUMED PARAMETERS
WH_2,SKU_32,1.46,71.49,51,4951,SYNTHETIC / ASSUMED PARAMETERS
WH_2,SKU_33,0.99,59.62,104,8686,SYNTHETIC / ASSUMED PARAMETERS
WH_2,SKU_34,1.16,49.58,54,6212,SYNTHETIC / ASSUMED PARAMETERS
WH_2,SKU_35,1.48,70.05,96,10315,SYNTHETIC / ASSUMED PARAMETERS
WH_2,SKU_36,0.8,30.24,61,6570,SYNTHETIC / ASSUMED PARAMETERS
WH_2,SKU_37,1.63,67.79,71,8728,SYNTHETIC / ASSUMED PARAMETERS
WH_2,SKU_38,1.84,60.04,70,8343,SYNTHETIC / ASSUMED PARAMETERS
WH_2,SKU_39,1.65,67.3,42,7439,SYNTHETIC / ASSUMED PARAMETERS
WH_2,SKU_4,1.38,110.86,57,9037,SYNTHETIC / ASSUMED PARAMETERS
WH_2,SKU_40,1.0,62.82,82,9296,SYNTHETIC / ASSUMED PARAMETERS
WH_2,SKU_41,0.68,50.47,90,8561,SYNTHETIC / ASSUMED PARAMETERS
WH_2,SKU_42,0.77,22.46,46,9533,SYNTHETIC / ASSUMED PARAMETERS
WH_2,SKU_43,0.79,43.47,59,10976,SYNTHETIC / ASSUMED PARAMETERS
WH_2,SKU_44,0.69,35.59,46,7536,SYNTHETIC / ASSUMED PARAMETERS
WH_2,SKU_45,1.8,87.05,26,7937,SYNTHETIC / ASSUMED PARAMETERS
WH_2,SKU_46,1.11,51.89,82,4980,SYNTHETIC / ASSUMED PARAMETERS
WH_2,SKU_47,1.11,59.63,70,9852,SYNTHETIC / ASSUMED PARAMETERS
WH_2,SKU_48,1.49,81.93,41,7989,SYNTHETIC / ASSUMED PARAMETERS
WH_2,SKU_49,1.64,70.47,82,7517,SYNTHETIC / ASSUMED PARAMETERS
WH_2,SKU_5,1.41,79.34,26,5409,SYNTHETIC / ASSUMED PARAMETERS
WH_2,SKU_50,1.26,61.58,36,10141,SYNTHETIC / ASSUMED PARAMETERS
WH_2,SKU_6,1.74,120.51,52,7144,SYNTHETIC / ASSUMED PARAMETERS
WH_2,SKU_7,0.58,32.56,90,9260,SYNTHETIC / ASSUMED PARAMETERS
WH_2,SKU_8,1.19,92.36,105,5947,SYNTHETIC / ASSUMED PARAMETERS
WH_2,SKU_9,2.73,49.53,86,10858,SYNTHETIC / ASSUMED PARAMETERS
WH_3,SKU_1,0.95,32.98,61,6038,SYNTHETIC / ASSUMED PARAMETERS
WH_3,SKU_10,1.74,42.93,55,5968,SYNTHETIC / ASSUMED PARAMETERS
WH_3,SKU_11,1.16,58.36,96,10164,SYNTHETIC / ASSUMED PARAMETERS
WH_3,SKU_12,1.57,45.39,57,10301,SYNTHETIC / ASSUMED PARAMETERS
WH_3,SKU_13,0.87,30.72,112,6380,SYNTHETIC / ASSUMED PARAMETERS
WH_3,SKU_14,0.82,33.85,73,7722,SYNTHETIC / ASSUMED PARAMETERS
WH_3,SKU_15,0.69,40.25,72,9290,SYNTHETIC / ASSUMED PARAMETERS
WH_3,SKU_16,1.03,67.38,41,10278,SYNTHETIC / ASSUMED PARAMETERS
WH_3,SKU_17,1.1,80.9,84,7273,SYNTHETIC / ASSUMED PARAMETERS
WH_3,SKU_18,2.28,65.06,40,7890,SYNTHETIC / ASSUMED PARAMETERS
WH_3,SKU_19,1.45,87.37,62,9399,SYNTHETIC / ASSUMED PARAMETERS
WH_3,SKU_2,0.45,23.6,74,9396,SYNTHETIC / ASSUMED PARAMETERS
WH_3,SKU_20,1.3,53.63,94,9643,SYNTHETIC / ASSUMED PARAMETERS
WH_3,SKU_21,0.72,24.19,84,8334,SYNTHETIC / ASSUMED PARAMETERS
WH_3,SKU_22,1.34,101.74,33,5385,SYNTHETIC / ASSUMED PARAMETERS
WH_3,SKU_23,2.55,64.6,72,10369,SYNTHETIC / ASSUMED PARAMETERS
WH_3,SKU_24,1.43,56.19,52,9960,SYNTHETIC / ASSUMED PARAMETERS
WH_3,SKU_25,0.89,32.85,39,9598,SYNTHETIC / ASSUMED PARAMETERS
WH_3,SKU_26,0.81,30.44,28,5399,SYNTHETIC / ASSUMED PARAMETERS
WH_3,SKU_27,1.13,62.45,32,6179,SYNTHETIC / ASSUMED PARAMETERS
WH_3,SKU_28,1.25,52.53,62,9291,SYNTHETIC / ASSUMED PARAMETERS
WH_3,SKU_29,2.14,56.68,54,5046,SYNTHETIC / ASSUMED PARAMETERS
WH_3,SKU_3,0.46,32.08,74,10727,SYNTHETIC / ASSUMED PARAMETERS
WH_3,SKU_30,1.09,39.61,57,7202,SYNTHETIC / ASSUMED PARAMETERS
WH_3,SKU_31,0.92,50.97,111,9413,SYNTHETIC / ASSUMED PARAMETERS
WH_3,SKU_32,0.66,23.47,41,10112,SYNTHETIC / ASSUMED PARAMETERS
WH_3,SKU_33,1.41,96.36,84,7373,SYNTHETIC / ASSUMED PARAMETERS
WH_3,SKU_34,0.46,30.17,30,6789,SYNTHETIC / ASSUMED PARAMETERS
WH_3,SKU_35,1.12,69.09,58,8502,SYNTHETIC / ASSUMED PARAMETERS
WH_3,SKU_36,1.69,87.59,66,8331,SYNTHETIC / ASSUMED PARAMETERS
WH_3,SKU_37,0.71,51.12,62,7235,SYNTHETIC / ASSUMED PARAMETERS
WH_3,SKU_38,2.89,114.17,91,8600,SYNTHETIC / ASSUMED PARAMETERS
WH_3,SKU_39,1.79,89.82,27,10432,SYNTHETIC / ASSUMED PARAMETERS
WH_3,SKU_4,1.06,50.5,49,7691,SYNTHETIC / ASSUMED PARAMETERS
WH_3,SKU_40,2.01,75.44,36,6177,SYNTHETIC / ASSUMED PARAMETERS
WH_3,SKU_41,0.86,95.13,27,7061,SYNTHETIC / ASSUMED PARAMETERS
WH_3,SKU_42,1.76,56.7,86,7433,SYNTHETIC / ASSUMED PARAMETERS
WH_3,SKU_43,1.69,78.86,92,5876,SYNTHETIC / ASSUMED PARAMETERS
WH_3,SKU_44,1.5,40.33,51,5750,SYNTHETIC / ASSUMED PARAMETERS
WH_3,SKU_45,0.45,41.08,107,9220,SYNTHETIC / ASSUMED PARAMETERS
WH_3,SKU_46,1.69,68.9,63,6873,SYNTHETIC / ASSUMED PARAMETERS
WH_3,SKU_47,0.87,33.33,98,10844,SYNTHETIC / ASSUMED PARAMETERS
WH_3,SKU_48,2.79,78.79,39,6490,SYNTHETIC / ASSUMED PARAMETERS
WH_3,SKU_49,1.02,51.04,30,5343,SYNTHETIC / ASSUMED PARAMETERS
WH_3,SKU_5,1.05,36.62,67,9432,SYNTHETIC / ASSUMED PARAMETERS
WH_3,SKU_50,1.57,82.76,59,10094,SYNTHETIC / ASSUMED PARAMETERS
WH_3,SKU_6,1.15,66.62,32,6623,SYNTHETIC / ASSUMED PARAMETERS
WH_3,SKU_7,0.63,29.67,73,6269,SYNTHETIC / ASSUMED PARAMETERS
WH_3,SKU_8,0.94,40.14,49,5868,SYNTHETIC / ASSUMED PARAMETERS
WH_3,SKU_9,0.62,47.8,33,8064,SYNTHETIC / ASSUMED PARAMETERS
WH_4,SKU_1,1.02,32.51,60,7800,SYNTHETIC / ASSUMED PARAMETERS
WH_4,SKU_10,2.76,93.09,92,6565,SYNTHETIC / ASSUMED PARAMETERS
WH_4,SKU_11,0.5,33.95,90,5402,SYNTHETIC / ASSUMED PARAMETERS
WH_4,SKU_12,1.6,43.96,33,7746,SYNTHETIC / ASSUMED PARAMETERS
WH_4,SKU_13,0.97,79.01,68,10644,SYNTHETIC / ASSUMED PARAMETERS
WH_4,SKU_14,0.78,37.66,58,8907,SYNTHETIC / ASSUMED PARAMETERS
WH_4,SKU_15,1.16,58.22,61,7785,SYNTHETIC / ASSUMED PARAMETERS
WH_4,SKU_16,0.87,40.21,59,5735,SYNTHETIC / ASSUMED PARAMETERS
WH_4,SKU_17,1.16,28.26,74,6506,SYNTHETIC / ASSUMED PARAMETERS
WH_4,SKU_18,0.78,43.27,45,6602,SYNTHETIC / ASSUMED PARAMETERS
WH_4,SKU_19,0.43,30.95,55,9647,SYNTHETIC / ASSUMED PARAMETERS
WH_4,SKU_2,1.1,40.69,80,10160,SYNTHETIC / ASSUMED PARAMETERS
WH_4,SKU_20,1.33,49.52,45,10402,SYNTHETIC / ASSUMED PARAMETERS
WH_4,SKU_21,0.78,76.01,44,11017,SYNTHETIC / ASSUMED PARAMETERS
WH_4,SKU_22,2.12,46.36,63,10964,SYNTHETIC / ASSUMED PARAMETERS
WH_4,SKU_23,1.44,47.04,57,10538,SYNTHETIC / ASSUMED PARAMETERS
WH_4,SKU_24,1.05,31.77,79,5355,SYNTHETIC / ASSUMED PARAMETERS
WH_4,SKU_25,1.67,68.75,82,5738,SYNTHETIC / ASSUMED PARAMETERS
WH_4,SKU_26,0.81,35.89,53,6838,SYNTHETIC / ASSUMED PARAMETERS
WH_4,SKU_27,2.11,78.58,52,8263,SYNTHETIC / ASSUMED PARAMETERS
WH_4,SKU_28,0.62,32.33,42,5602,SYNTHETIC / ASSUMED PARAMETERS
WH_4,SKU_29,1.52,39.01,72,10062,SYNTHETIC / ASSUMED PARAMETERS
WH_4,SKU_3,1.09,43.41,106,8740,SYNTHETIC / ASSUMED PARAMETERS
WH_4,SKU_30,2.41,55.77,61,8065,SYNTHETIC / ASSUMED PARAMETERS
WH_4,SKU_31,1.41,85.42,56,5853,SYNTHETIC / ASSUMED PARAMETERS
WH_4,SKU_32,0.8,68.34,59,6531,SYNTHETIC / ASSUMED PARAMETERS
WH_4,SKU_33,0.97,39.14,78,5831,SYNTHETIC / ASSUMED PARAMETERS
WH_4,SKU_34,1.64,56.38,49,9972,SYNTHETIC / ASSUMED PARAMETERS
WH_4,SKU_35,0.99,25.87,26,8287,SYNTHETIC / ASSUMED PARAMETERS
WH_4,SKU_36,1.14,51.38,55,9404,SYNTHETIC / ASSUMED PARAMETERS
WH_4,SKU_37,1.12,45.17,36,6763,SYNTHETIC / ASSUMED PARAMETERS
WH_4,SKU_38,2.58,85.92,49,7282,SYNTHETIC / ASSUMED PARAMETERS
WH_4,SKU_39,1.92,97.15,36,7445,SYNTHETIC / ASSUMED PARAMETERS
WH_4,SKU_4,0.96,64.56,44,9370,SYNTHETIC / ASSUMED PARAMETERS
WH_4,SKU_40,0.86,21.28,58,9528,SYNTHETIC / ASSUMED PARAMETERS
WH_4,SKU_41,0.9,30.54,65,6362,SYNTHETIC / ASSUMED PARAMETERS
WH_4,SKU_42,0.75,31.86,70,10751,SYNTHETIC / ASSUMED PARAMETERS
WH_4,SKU_43,1.19,86.9,93,5718,SYNTHETIC / ASSUMED PARAMETERS
WH_4,SKU_44,0.82,38.47,61,10199,SYNTHETIC / ASSUMED PARAMETERS
WH_4,SKU_45,1.18,58.47,51,5437,SYNTHETIC / ASSUMED PARAMETERS
WH_4,SKU_46,2.19,73.98,47,6531,SYNTHETIC / ASSUMED PARAMETERS
WH_4,SKU_47,1.08,44.78,96,10103,SYNTHETIC / ASSUMED PARAMETERS
WH_4,SKU_48,1.27,102.82,53,6175,SYNTHETIC / ASSUMED PARAMETERS
WH_4,SKU_49,1.39,33.84,57,7552,SYNTHETIC / ASSUMED PARAMETERS
WH_4,SKU_5,0.45,28.52,94,7688,SYNTHETIC / ASSUMED PARAMETERS
WH_4,SKU_50,1.36,76.08,45,6222,SYNTHETIC / ASSUMED PARAMETERS
WH_4,SKU_6,1.7,96.96,55,9064,SYNTHETIC / ASSUMED PARAMETERS
WH_4,SKU_7,2.72,89.73,55,9922,SYNTHETIC / ASSUMED PARAMETERS
WH_4,SKU_8,0.9,41.1,91,10340,SYNTHETIC / ASSUMED PARAMETERS
WH_4,SKU_9,0.98,59.3,52,7008,SYNTHETIC / ASSUMED PARAMETERS
WH_5,SKU_1,2.58,47.73,54,8279,SYNTHETIC / ASSUMED PARAMETERS
WH_5,SKU_10,1.52,60.17,40,6308,SYNTHETIC / ASSUMED PARAMETERS
WH_5,SKU_11,1.99,103.38,46,6507,SYNTHETIC / ASSUMED PARAMETERS
WH_5,SKU_12,0.76,39.17,96,5993,SYNTHETIC / ASSUMED PARAMETERS
WH_5,SKU_13,0.88,49.29,48,10583,SYNTHETIC / ASSUMED PARAMETERS
WH_5,SKU_14,0.92,37.97,55,10175,SYNTHETIC / ASSUMED PARAMETERS
WH_5,SKU_15,1.08,84.29,72,9525,SYNTHETIC / ASSUMED PARAMETERS
WH_5,SKU_16,1.66,59.45,101,8221,SYNTHETIC / ASSUMED PARAMETERS
WH_5,SKU_17,0.58,50.99,60,7894,SYNTHETIC / ASSUMED PARAMETERS
WH_5,SKU_18,1.44,69.56,77,8261,SYNTHETIC / ASSUMED PARAMETERS
WH_5,SKU_19,2.0,76.39,84,8102,SYNTHETIC / ASSUMED PARAMETERS
WH_5,SKU_2,1.72,57.23,63,7517,SYNTHETIC / ASSUMED PARAMETERS
WH_5,SKU_20,0.8,71.16,65,5639,SYNTHETIC / ASSUMED PARAMETERS
WH_5,SKU_21,1.81,58.89,87,5672,SYNTHETIC / ASSUMED PARAMETERS
WH_5,SKU_22,2.1,76.56,84,10655,SYNTHETIC / ASSUMED PARAMETERS
WH_5,SKU_23,2.51,93.33,52,7979,SYNTHETIC / ASSUMED PARAMETERS
WH_5,SKU_24,0.56,44.06,66,10704,SYNTHETIC / ASSUMED PARAMETERS
WH_5,SKU_25,0.63,58.32,37,5926,SYNTHETIC / ASSUMED PARAMETERS
WH_5,SKU_26,2.55,59.97,91,8473,SYNTHETIC / ASSUMED PARAMETERS
WH_5,SKU_27,1.71,74.7,103,6290,SYNTHETIC / ASSUMED PARAMETERS
WH_5,SKU_28,1.38,70.19,73,6559,SYNTHETIC / ASSUMED PARAMETERS
WH_5,SKU_29,1.78,65.01,41,4966,SYNTHETIC / ASSUMED PARAMETERS
WH_5,SKU_3,1.96,47.98,27,5556,SYNTHETIC / ASSUMED PARAMETERS
WH_5,SKU_30,1.68,37.96,65,10295,SYNTHETIC / ASSUMED PARAMETERS
WH_5,SKU_31,0.73,37.92,27,6764,SYNTHETIC / ASSUMED PARAMETERS
WH_5,SKU_32,2.87,59.76,40,8727,SYNTHETIC / ASSUMED PARAMETERS
WH_5,SKU_33,1.0,74.43,36,7639,SYNTHETIC / ASSUMED PARAMETERS
WH_5,SKU_34,0.65,30.44,35,7366,SYNTHETIC / ASSUMED PARAMETERS
WH_5,SKU_35,0.77,34.56,53,8065,SYNTHETIC / ASSUMED PARAMETERS
WH_5,SKU_36,0.55,38.56,55,5992,SYNTHETIC / ASSUMED PARAMETERS
WH_5,SKU_37,1.29,84.79,40,10741,SYNTHETIC / ASSUMED PARAMETERS
WH_5,SKU_38,1.87,76.28,30,9826,SYNTHETIC / ASSUMED PARAMETERS
WH_5,SKU_39,0.93,37.09,39,9439,SYNTHETIC / ASSUMED PARAMETERS
WH_5,SKU_4,1.71,61.69,64,7879,SYNTHETIC / ASSUMED PARAMETERS
WH_5,SKU_40,2.86,61.11,39,5944,SYNTHETIC / ASSUMED PARAMETERS
WH_5,SKU_41,1.41,40.96,88,10616,SYNTHETIC / ASSUMED PARAMETERS
WH_5,SKU_42,1.2,45.13,41,6993,SYNTHETIC / ASSUMED PARAMETERS
WH_5,SKU_43,1.57,43.15,40,5132,SYNTHETIC / ASSUMED PARAMETERS
WH_5,SKU_44,0.41,29.84,44,6875,SYNTHETIC / ASSUMED PARAMETERS
WH_5,SKU_45,0.88,58.21,40,9554,SYNTHETIC / ASSUMED PARAMETERS
WH_5,SKU_46,1.47,55.45,29,8622,SYNTHETIC / ASSUMED PARAMETERS
WH_5,SKU_47,1.42,49.23,45,9613,SYNTHETIC / ASSUMED PARAMETERS
WH_5,SKU_48,0.62,39.28,75,9622,SYNTHETIC / ASSUMED PARAMETERS
WH_5,SKU_49,1.29,49.94,25,6102,SYNTHETIC / ASSUMED PARAMETERS
WH_5,SKU_5,1.38,72.2,47,10349,SYNTHETIC / ASSUMED PARAMETERS
WH_5,SKU_50,1.01,34.94,56,7515,SYNTHETIC / ASSUMED PARAMETERS
WH_5,SKU_6,1.1,37.62,54,8810,SYNTHETIC / ASSUMED PARAMETERS
WH_5,SKU_7,1.04,50.56,43,4798,SYNTHETIC / ASSUMED PARAMETERS
WH_5,SKU_8,1.04,39.39,61,10805,SYNTHETIC / ASSUMED PARAMETERS
WH_5,SKU_9,0.67,34.47,93,6723,SYNTHETIC / ASSUMED PARAMETERS
